,avg_fitness,best_fitness,avg_size,best_individual
0,26997727.138401795,12754.000000000035,10.98642,(Y+X) 
1,3859705.404499991,12754.0,10.92148,(Y+(Y--0.08099643959630232)) 
2,349613.60828030057,8523.737817631367,13.30808,((Y+X)*(11.55616155240098/7.571737831888711)) 
3,5744717.239745936,1.24938948076192e-12,15.1788,((Y+Y)+X)  
