,avg_fitness,best_fitness,avg_size,best_individual
0,100460369396.26668,1018230.9071916977,10.97468,(1.7581341705851719*((((1.2225460835525457*-3.5897877615249847)-(1.7590668289882725-Y))+(X+(-4.857659068819988*11.534158313051623)))+1.2225460835525457))
1,90194751.37209858,619431.6937696802,10.12648,((2.485506341252642*(-4.644602437199223+Y))+X)
2,14712247.73214962,1.0901857194767217e-10,11.32492,(X+(Y+Y)) 
