,avg_fitness,best_fitness,avg_size,best_individual
0,151546.30323568705,266.12999999999965,6.99628,cos((X-sin((cos(-4.572819981279466)+cos(0.18212664703079273)))))
1,46007.86256642492,263.7699999999996,6.92784,sin((cos(cos((-4.572819981279466*0.18212664703079273)))+X))
2,23151.006807557158,263.6799999999999,8.41528,sin((((0.9959799510398613-((-2.620411549021378--4.856474406416337)--3.278945527312765))*-1.563914157326041)+X))
3,36651.521010036515,57.939100987082185,10.78056,(0.7292174245976941*(1.9751812445352588*sin(((5.269619197519365/(4.204092139450008+3.065155669304996))+X))))
4,119467.43487511855,2.550000000000006,13.54984,(cos(X)+sin(X)) 
