,avg_fitness,best_fitness,avg_size,best_individual
0,41682315.90249892,1275510.0000000077,6.97718,(Y+X)
1,4976153.813797663,699556.9875734282,6.67872,(X+((-4.431525749130565*(Y-8.155972752670552))/(5.165326557848964/-1.6919629110587469)))
2,16478513.759369832,1862.3293096506889,7.3412,((Y+(Y-(2.9449711344168428/3.953343695924101)))+X)
3,8280567.957435195,1.0901857194767217e-10,8.46948,(((Y+Y)/cos(cos(1.5755561501928819)))+X) 
