,avg_fitness,best_fitness,avg_size,best_individual
0,130338.23842442715,165.5600000000002,6.94986,sin((X-sin(4.024813303089227))) 
1,8789.126838587295,165.5600000000002,6.90642,sin((X-sin(4.024813303089227))) 
2,28062.28800972222,99.59435869602848,8.3663,(cos(((((sin((sin(1.1903860404654418)*-3.3180437667922043))/cos(1.557166128184594))+-1.5888833372815778)*1.9109604984345268)+(X+(-3.654330095499764*-2.9289051660533247))))*(4.4501614218243315/-2.8252638516991815)) 
3,43975.350722339856,99.59435869602848,10.53564,(cos(((((sin((sin(1.1903860404654418)*-3.3180437667922043))/cos(1.557166128184594))+-1.5888833372815778)*1.9109604984345268)+(X+(-3.654330095499764*-2.9289051660533247))))*(4.4501614218243315/-2.8252638516991815)) 
4,60122.48718357899,1.2600000000000158,12.80308,(sin(X)+cos(X))  
