,avg_fitness,best_fitness,avg_size,best_individual
0,114357.36024862176,264.5499999999998,6.98506,cos(((5.997602071373109*(5.678876941144253/4.8347346203695185))-X)) 
1,22388.671181016758,195.03250000000014,6.92176,(sin(((X+5.293931102081945)-(5.644333073673213-cos(0.33923427579387955))))/cos(cos((-0.48127524852671044--1.3546267022155485)))) 
2,5928.558510973312,110.24728067924052,8.5267,(cos(X)+(sin(X)*(cos((0.8216355445064307/-0.6786033783312648))+0.8216355445064307))) 
3,64604.31104139547,2.5900000000000087,11.26706,(cos(X)+sin(X))  
