,avg_fitness,best_fitness,avg_size,best_individual
0,3726204.2558342065,713.4541094014401,6.9769,(X+(sin((0.7287755221681316+(-3.508054900556285+Y)))*((8.047655629799907/(11.985753264975209+-4.194884391418363))/cos(2.313133375425367)))) 
1,289006.1395350436,713.4541094014401,6.4364,(X+(sin((0.7287755221681316+(-3.508054900556285+Y)))*((8.047655629799907/(11.985753264975209+-4.194884391418363))/cos(2.313133375425367)))) 
2,112131.09042141362,713.4541094014401,6.87486,(X+(sin((0.7287755221681316+(-3.508054900556285+Y)))*((8.047655629799907/(11.985753264975209+-4.194884391418363))/cos(2.313133375425367)))) 
3,212417.1295336383,713.4541094014401,8.16588,(X+(sin((0.7287755221681316+(-3.508054900556285+Y)))*((8.047655629799907/(11.985753264975209+-4.194884391418363))/cos(2.313133375425367)))) 
4,94398.71566700522,663.2399999999991,9.94956,((sin(X)-cos(14.812742595678376))+Y) 
5,211858.89004619332,615.3627,12.1741,(cos(cos(sin(7.523001361016751)))+((cos((2.269008492220099*2.523786230484755))*(X+cos(sin(((9.816684013244068--3.919393113504545)+-4.599980270092573)))))*Y)) 
6,310551.7735426121,310.7500000000016,14.5962,(((cos((2.269008492220099*2.523786230484755))*cos(0.2145950406238466))*Y)+(X+sin(Y))) 
7,149735.92053918733,102.00000000000004,16.73968,((Y+X)+sin(Y)) 
8,53584.57361433493,1.1304845948245656e-13,18.89416,(X+(Y+Y))  
